Afghanistan,Asia
Albania,Europe
Algeria,Africa
Andorra,Europe
Angola,Africa
Anguilla,North America
Antigua and Barbuda,North America
Argentina,South America
Armenia,Asia
Aruba,North America
Ashmore and Cartier Islands,Oceania
Australia,Oceania
Australian Indian Ocean Territories,Oceania
Austria,Europe
Azerbaijan,Asia
Bahrain,Asia
Bangladesh,Asia
Barbados,North America
Belarus,Europe
Belgium,Europe
Belize,North America
Benin,Africa
Bermuda,North America
Bhutan,Asia
Bolivia,South America
Bosnia and Herzegovina,Europe
Botswana,Africa
Brazil,South America
British Virgin Islands,North America
Brunei,Asia
Bulgaria,Europe
Burkina Faso,Africa
Burundi,Africa
Cambodia,Asia
Cameroon,Africa
Canada,North America
Cape Verde,Africa
Cayman Islands,North America
Central African Republic,Africa
Chad,Africa
Chile,South America
Colombia,South America
Comoros,Africa
Costa Rica,North America
Croatia,Europe
Cuba,North America
Curaçao,North America
Cyprus,Europe
Czech Republic,Europe
Democratic Republic of the Congo,Africa
Denmark,Europe
Djibouti,Africa
Dominica,North America
Dominican Republic,North America
East Timor,Asia
Ecuador,South America
Egypt,Africa
El Salvador,North America
Equatorial Guinea,Africa
Eritrea,Africa
Estonia,Europe
Eswatini,Africa
Ethiopia,Africa
Faroe Islands,Europe
Federated States of Micronesia,Oceania
Fiji,Oceania
Finland,Europe
France,Europe
Gabon,Africa
Georgia,Asia
Germany,Europe
Ghana,Africa
Greece,Europe
Grenada,North America
Guam,Oceania
Guatemala,North America
Guernsey,Europe
Guinea,Africa
Guinea-Bissau,Africa
Guyana,South America
Haiti,North America
Honduras,North America
Hong Kong,Asia
Hungary,Europe
Iceland,Europe
India,Asia
Indonesia,Asia
Iran,Asia
Iraq,Asia
Ireland,Europe
Isle of Man,Europe
Israel,Asia
Italy,Europe
Ivory Coast,Africa
Jamaica,North America
Japan,Asia
Jersey,Europe
Jordan,Asia
Kazakhstan,Asia
Kenya,Africa
Kiribati,Oceania
Kosovo,Europe
Kuwait,Asia
Kyrgyzstan,Asia
Laos,Asia
Latvia,Europe
Lebanon,Asia
Lesotho,Africa
Liberia,Africa
Libya,Africa
Liechtenstein,Europe
Lithuania,Europe
Luxembourg,Europe
Macau,Asia
Madagascar,Africa
Malawi,Africa
Malaysia,Asia
Maldives,Asia
Mali,Africa
Malta,Europe
Marshall Islands,Oceania
Mauritania,Africa
Mauritius,Africa
Mexico,North America
Moldova,Europe
Monaco,Europe
Mongolia,Asia
Montenegro,Europe
Montserrat,North America
Morocco,Africa
Mozambique,Africa
Myanmar,Asia
Namibia,Africa
Nauru,Oceania
Nepal,Asia
Netherlands,Europe
New Caledonia,Oceania
New Zealand,Oceania
Nicaragua,North America
Niger,Africa
Nigeria,Africa
Norfolk Island,Oceania
North Korea,Asia
Northern Mariana Islands,Oceania
Norway,Europe
Oman,Asia
Pakistan,Asia
Palau,Oceania
Palestine,Asia
Panama,North America
Papua New Guinea,Oceania
Paraguay,South America
People's Republic of China,Asia
Peru,South America
Philippines,Asia
Poland,Europe
Portugal,Europe
Puerto Rico,North America
Qatar,Asia
Republic of Macedonia,Europe
Republic of the Congo,Africa
Romania,Europe
Russia,Europe
Rwanda,Africa
Saint Helena,Africa
Saint Kitts and Nevis,North America
Saint Lucia,North America
Saint Martin,North America
Saint Pierre and Miquelon,North America
Saint Vincent and the Grenadines,North America
Saint-Barthélemy,North America
Samoa,Oceania
San Marino,Europe
Saudi Arabia,Asia
Senegal,Africa
Serbia,Europe
Seychelles,Africa
Siachen Glacier,Asia
Sierra Leone,Africa
Singapore,Asia
Sint Maarten,North America
Slovakia,Europe
Slovenia,Europe
Solomon Islands,Oceania
Somalia,Africa
Somaliland,Africa
South Africa,Africa
South Korea,Asia
South Sudan,Africa
Spain,Europe
Sri Lanka,Asia
Sudan,Africa
Suriname,South America
Sweden,Europe
Switzerland,Europe
Syria,Asia
São Tomé and Príncipe,Africa
Taiwan,Asia
Tajikistan,Asia
Tanzania,Africa
Thailand,Asia
The Bahamas,North America
The Gambia,Africa
Togo,Africa
Tonga,Oceania
Trinidad and Tobago,North America
Tunisia,Africa
Turkey,Asia
Turkish Republic of Northern Cyprus,Asia
Turkmenistan,Asia
Turks and Caicos Islands,North America
Tuvalu,Oceania
Uganda,Africa
Ukraine,Europe
United Arab Emirates,Asia
United Kingdom,Europe
United States of America,North America
United States Virgin Islands,North America
Uruguay,South America
Uzbekistan,Asia
Vanuatu,Oceania
Vatican City,Europe
Venezuela,South America
Vietnam,Asia
Western Sahara,Africa
Yemen,Asia
Zambia,Africa
Zimbabwe,Africa
Åland Islands,Europe
